{
    "order": 1, 
    "robot_pose": {
        "pos_z": -0.06260491907596588, 
        "pos_x": -6.081218242645264, 
        "pos_y": -1.2058870792388916, 
        "ori_x": 0.012698223326474809, 
        "ori_y": -0.0004918750213736207, 
        "ori_z": -0.08271428577825479, 
        "ori_w": 0.9964922779989354
    }, 
    "option": {
        "crawl": false, 
        "up_stair": false, 
        "speed_up": false, 
        "down_stair": false
    }
}