{
    "order": 2,
    "robot_pose": {
        "pos_z": -0.17539285123348236, 
        "pos_x": 3.0769145488739014, 
        "pos_y": 4.495001316070557, 
        "ori_x": 0.018285098292585168, 
        "ori_y": -0.009645894540630306, 
        "ori_z": -0.0348772825095702, 
        "ori_w": 0.9991777554888266
    }, 
    "option": {
        "crawl": false, 
        "up_stair": false, 
        "speed_up": false, 
        "down_stair": true
    }
}