{
    "order": 3,
    "robot_pose": {
        "pos_z": -1.3485571146011353, 
        "pos_x": 7.83768367767334, 
        "pos_y": 4.193033218383789, 
        "ori_x": 0.010497161865518145, 
        "ori_y": 0.004535040047479938, 
        "ori_z": -0.03621109250272278, 
        "ori_w": 0.9992787397839985
    }, 
    "option": {
        "crawl": false, 
        "up_stair": false, 
        "speed_up": false, 
        "down_stair": false
    }
}