{
    "order": 5,
    "robot_pose": {
        "pos_z": -1.3620952367782593, 
        "pos_x": 7.87805700302124, 
        "pos_y": 4.165175437927246, 
        "ori_x": 0.004497603511012742, 
        "ori_y": -0.009996311947286085, 
        "ori_z": 0.9985377041344703, 
        "ori_w": 0.052936742740477376
    }, 
    "option": {
        "crawl": false, 
        "up_stair": true, 
        "speed_up": false, 
        "down_stair": false
    }
}