{
    "order": 6,
    "robot_pose": {
        "pos_z": -0.136369988322258, 
        "pos_x": 3.203796863555908, 
        "pos_y": 4.629201889038086, 
        "ori_x": -0.011552950887709289, 
        "ori_y": -0.016972825627249936, 
        "ori_z": 0.9982948304049625, 
        "ori_w": 0.05464324388925373
    }, 
    "option": {
        "crawl": false, 
        "up_stair": false, 
        "speed_up": false, 
        "down_stair": false
    }
}