{
    "order": 7,
    "robot_pose": {
        "pos_z": -0.07642524689435959, 
        "pos_x": -7.450626373291016, 
        "pos_y": -0.13571199774742126, 
        "ori_x": -0.0006460457142363463, 
        "ori_y": -0.003712776217417867, 
        "ori_z": 0.9966219807062897, 
        "ori_w": 0.08203917046610466
    }, 
    "option": {
        "crawl": false, 
        "up_stair": false, 
        "speed_up": false, 
        "down_stair": false
    }
}