{
    "order": 4,
    "robot_pose": {
        "pos_z": 0.63599693775177, 
        "pos_x": 98.44401550292969, 
        "pos_y": -10.156636238098145, 
        "ori_x": 0.013159146935914237, 
        "ori_y": 0.002930716349828169, 
        "ori_z": -0.7641653102774728, 
        "ori_w": 0.6448795440406913
    }, 
    "option": {
        "crawl": false, 
        "up_stair": false, 
        "speed_up": false, 
        "down_stair": false
    }
}